{
    "loss": 8.02562141418457,
    "accuracy": 0.6412376761436462
}